"행정구역별",1995.12,1996.01,1996.02,1996.03,1996.04,1996.05,1996.06,1996.07,1996.08,1996.09,1996.10,1996.11,1996.12,1997.01,1997.02,1997.03,1997.04,1997.05,1997.06,1997.07,1997.08,1997.09,1997.10,1997.11,1997.12,1998.01,1998.02,1998.03,1998.04,1998.05,1998.06,1998.07,1998.08,1998.09,1998.10,1998.11,1998.12,1999.01,1999.02,1999.03,1999.04,1999.05,1999.06,1999.07,1999.08,1999.09,1999.10,1999.11,1999.12,2000.01,2000.02,2000.03,2000.04,2000.05,2000.06,2000.07,2000.08,2000.09,2000.10,2000.11,2000.12,2001.01,2001.02,2001.03,2001.04,2001.05,2001.06,2001.07,2001.08,2001.09,2001.10,2001.11,2001.12,2002.01,2002.02,2002.03,2002.04,2002.05,2002.06,2002.07,2002.08,2002.09,2002.10,2002.11,2002.12,2003.01,2003.02,2003.03,2003.04,2003.05,2003.06,2003.07,2003.08,2003.09,2003.10,2003.11,2003.12,2004.01,2004.02,2004.03,2004.04,2004.05,2004.06,2004.07,2004.08,2004.09,2004.10,2004.11,2004.12,2005.01,2005.02,2005.03,2005.04,2005.05,2005.06,2005.07,2005.08,2005.09,2005.10,2005.11,2005.12,2006.01,2006.02,2006.03,2006.04,2006.05,2006.06,2006.07,2006.08,2006.09,2006.10,2006.11,2006.12,2007.01,2007.02,2007.03,2007.04,2007.05,2007.06,2007.07,2007.08,2007.09,2007.10,2007.11,2007.12,2008.01,2008.02,2008.03,2008.04,2008.05,2008.06,2008.07,2008.08,2008.09,2008.10,2008.11,2008.12,2009.01,2009.02,2009.03,2009.04,2009.05,2009.06,2009.07,2009.08,2009.09,2009.10,2009.11,2009.12,2010.01,2010.02,2010.03,2010.04,2010.05,2010.06,2010.07,2010.08,2010.09,2010.10,2010.11,2010.12,2011.01,2011.02,2011.03,2011.04,2011.05,2011.06,2011.07,2011.08,2011.09,2011.10,2011.11,2011.12,2012.01,2012.02,2012.03,2012.04,2012.05,2012.06,2012.07,2012.08,2012.09,2012.10,2012.11,2012.12,2013.01,2013.02,2013.03,2013.04,2013.05,2013.06,2013.07,2013.08,2013.09,2013.10,2013.11,2013.12,2014.01,2014.02,2014.03,2014.04,2014.05,2014.06,2014.07,2014.08,2014.09,2014.10,2014.11,2014.12,2015.01,2015.02,2015.03,2015.04,2015.05,2015.06,2015.07,2015.08,2015.09,2015.10,2015.11,2015.12,2016.01,2016.02,2016.03,2016.04,2016.05,2016.06,2016.07,2016.08,2016.09,2016.10,2016.11,2016.12,2017.01,2017.02,2017.03,2017.04,2017.05,2017.06,2017.07,2017.08,2017.09,2017.10,2017.11,2017.12,2018.01,2018.02,2018.03,2018.04,2018.05,2018.06,2018.07,2018.08,2018.09,2018.10,2018.11,2018.12,2019.01,2019.02,2019.03,2019.04,2019.05,2019.06,2019.07,2019.08,2019.09,2019.10,2019.11,2019.12,2020.01,2020.02,2020.03,2020.04,2020.05,2020.06,2020.07,2020.08,2020.09,2020.10,2020.11,2020.12,2021.01,2021.02,2021.03,2021.04,2021.05,2021.06,2021.07,2021.08,2021.09,2021.10,2021.11,2021.12,2022.01,2022.02,2022.03,2022.04,2022.05,2022.06,2022.07,2022.08,2022.09,2022.10,2022.11
"전국",154136.1,143666.1,147261.2,147167.9,151455.3,153045.4,157512.6,156627.3,157601.3,166876.7,165064.3,166022.4,181720.8,170716.1,177097.9,179011.4,179988.7,177382.6,189095.7,183995.2,188860.1,192581,193636.9,195519.5,198197.4,192552.2,198134,196203.8,197449.8,199486.6,210665.6,213083.9,220737.2,230978.4,231557.3,240004.5,251794.5,246309.9,258259.9,270940.1,269803.6,267940.2,275077.7,271995.7,288399.4,304701.1,301666.2,316512.4,323411.1,326441,343188.4,347710.3,357049.8,363953.3,376367.6,376827.8,382005.3,383965.1,388939.4,396237.6,404660.9,398788.2,401364.1,403854.1,414083,415301.9,420905.5,423459.3,431751.5,441296.9,440329.1,446812.5,455630.5,461604.9,472909,478356.3,481318.6,481926.4,487128.3,484492.3,492566.9,499125.7,505078,508894.1,512419.4,504039.9,506459.6,524890.5,525085.6,530198,537713.2,535720.7,539316.4,529085.6,534677.2,549130.7,548098.4,543983.9,554754.9,548136.2,548752.4,544484.9,548294.3,540958.9,540836.8,550609.7,538311,537759.2,540726.2,537409.1,545285.4,537953.5,544188.6,546335.5,555281.8,547884.1,546355.5,559445.4,553378.4,558045.5,561945.6,545065.9,553445.2,548811.4,551235.9,557260.7,572956.7,565138.4,564389.9,578419.8,572534.7,578476.3,592720.5,568186.7,574525.2,576948.1,579150.8,581444.1,593415.7,581274,577856.8,580285.4,579944.2,588546.9,593171.3,598429.4,605714.8,603720,617436.6,622487.4,627930,623796.1,635728.3,645955.9,667671.6,676021.5,675204.7,673340.7,693229.1,687649.4,694775.1,698700.1,708486.9,701552.3,717468.9,735366.3,740219.1,747499.5,751272.7,774427.7,792552.4,792910.8,801374.8,826075.3,837603.2,841492.5,849611.8,852983.1,871671.2,880035.3,873890.6,875289.4,891529.7,890656,897086,898462.8,908396.2,914146.4,921067,927486.3,938946.7,942925.5,947801.4,938494,950631.6,963098.8,956856.5,962971.4,976938.7,971628.7,975454.9,979542.3,973179.6,980029.1,990273.1,983449.1,990663.7,994749.1,992183.8,993836,1008815.8,987224.1,998840.6,1004337.4,1009339.5,1009713.3,1009685.4,1008925.2,1025020.5,1026854.1,1022502.5,1034158.8,1048020.4,1041276.7,1051324.5,1056981.5,1062397.9,1075492.9,1080543.3,1069318.2,1079856.8,1092540.1,1093039.1,1104368.2,1120488.4,1115937.1,1130709,1139832.4,1141504.3,1144738,1163727.4,1153532.3,1170743.1,1180204.6,1171348.4,1180870.5,1200900.7,1194202.8,1207739.3,1213373.7,1222552,1232657,1240973.6,1221517.7,1238372,1242142.5,1237841.2,1241552.4,1267394,1252990.2,1269271.6,1294618.9,1285977.1,1293344.5,1305558.4,1296039.2,1312410.2,1324168.5,1320696.6,1333028.4,1353051.7,1341176.3,1350742.7,1369705.8,1379617.3,1375816.2,1394987.3,1384871.9,1405014.3,1425960.8,1421596.2,1430197.5,1454392.5,1447588.8,1471688.5,1481331.9,1486029.5,1510877,1515519.5,1503576.8,1542733.8,1577106.3,1575227,1603459.7,1627424.3,1605319.2,1617027.1,1652467,1651169.2,1671040.1,1697818.1,1681058.4,1719051.3,1747379.4,1735830.6,1750230.4,1788854.5,1781100.6,1806536.3,1824689.3,1829403.9,1842285.6,1869023.7,1849700.4,1883180.7,1903613.6,1897971.8,1920415.4,1946585.8,1925520.4,1932799,1958348.3,1967290,1970661.1
"서울특별시",76028.6,69971.8,71498.2,72149.5,74701.9,75633.1,77257.6,76998.8,77287.8,81942,80212.8,80668.6,89487.3,82758.7,85937.8,88098.9,87547.2,86137.3,93120.8,89814.4,91666.8,93493,93721.3,94647.1,96831.7,96245.4,97665.1,96680.5,96497.2,97717.2,103387.4,104689.2,109297.3,113919.3,113571.4,119767.1,126275.2,122011.8,129331.7,137160.3,136077.4,134570.9,138789.2,138332.5,148747.1,159042.4,157253.8,166649.9,169419.7,171571,179252.1,182568.1,187557,191695.2,199346.3,198827.7,199774.1,200236.8,201895.8,206451.7,209820.4,205978.6,204200.1,206111.8,212800.2,212757.9,215261.4,216595.7,221288,226422.1,226475,230135.5,234525,241135.5,246508.9,249004.8,249920.7,249106.9,250561.7,250132.1,252559.6,255490.9,257010.8,259204.5,259354.6,252590.8,253842.7,267474.5,265832,270477,275545.4,275373.2,276400.4,266829.8,270493.6,280545.2,278291.9,276608.9,281440.4,280940.2,279535.7,276297.8,279376.8,273917.3,274415,280655.9,271906.2,271430.5,271587.8,271350.9,272882.6,269262.3,270963.2,272967,277457.2,272225.4,271630.5,281555,277120.9,281590.1,279343.7,271310.4,276671.1,272502.1,273985.8,277762.4,292688.8,286553.7,284461.4,291062.6,289272.1,292136.7,299425.1,287263.4,289180.9,288365.8,290162,289236.6,297281.6,293471.6,289875.8,290232.4,293698.4,301005.9,298812.2,303671.6,307693.3,305226.9,316362.7,312946.3,317870.5,317797.8,321822.4,330572,342580.4,348840.5,348693.3,348093.9,360748.2,358808.3,363308.3,366328.3,372871.4,371891.2,380033.4,386727.5,394346.5,402294.6,403096.2,424710.5,434687.7,435689.3,438551.4,458143.3,463246.9,466072.9,469371,468660.8,484492.6,490434.4,484568.5,483595,492042.1,486369.2,488183.4,486636.1,491282.9,497133.5,501492.7,504856.4,513629.7,511086.1,514010.6,510325.4,511492,514660.7,513597.6,515737.9,524629.5,526879.5,526789.6,525848.8,525151.7,531038.2,536133.2,530230.7,529514.2,528720.7,523579.1,522010.5,531328,520918.1,525865.8,529887.2,534190.8,530675,532689.2,532240.6,541589.8,541683.5,537229.4,541208.9,549494.4,545576.4,546559.3,554303.4,558252.5,562232.7,565416.1,548408.4,547524.6,558434.5,554293.7,557404.5,565740.7,563970.5,570843,574879.6,577188.4,580990.8,600391.1,586088.4,595676.9,601330.3,592682.2,597870.3,612219,606769.8,613573.6,608820.4,608130.6,618408.9,628071.1,615291.3,619906.5,620436.4,611469.5,611547.5,631199.1,625648.2,631691.7,644337.8,641215.2,650370.7,664687,657538.9,661441.2,666824.7,661556.5,663526.2,676375.8,673968.9,677037.3,693538.2,702731.5,703917.7,728762.8,717318.2,723268.8,736828.2,723518.5,722256.2,740729.7,739715.2,749913,757815.4,760116.7,780900.9,791160.6,778474.6,788698.7,819649.3,811396.7,820709.9,837925.8,825905.1,831576.5,855754.5,854887.1,869593.9,898371.8,882684.9,902615.6,928113.2,924468.7,919256.5,942207.2,946855.1,953089.8,968462.1,972093,984990.8,1025793.2,1009347.3,1028041.5,1039477,1020247.1,1021734,1044108.9,1028180.6,1024076.4,1041342.5,1043267,1044334
"부산광역시",11883.6,11251.3,11447.3,11481.8,11706,11760.7,12174.6,12028.5,12050.6,12714.9,12808.2,12889.6,13764,13324.3,13866.9,13896.7,13961.2,13781.2,14475.7,14187,14573.9,14962.4,14898.6,15242.1,15166.7,14485,14893,14557.9,14716.7,14894.5,15925.5,16345.2,16775.6,17389.3,17530.5,17834.6,18476.7,18764.8,19217.8,19632.9,19591.4,19614.8,20104.4,19924.9,20852.4,21388.2,21459.2,22239.1,22866.3,23205.8,24504.8,24577.9,25305.7,25824.6,26168.8,26446.9,27035.7,27216.6,27628.4,28067.8,28232.9,28035,28495.2,28329.2,28618.8,28746.5,29130.4,29257.8,29397.6,29890.2,29986.5,30330.3,30703.8,30701.6,31496.7,31653.8,31907.5,32226.5,32554.8,32339.2,33169.8,33591.4,33642.9,34034.2,34282.8,34087.7,34320.9,34916.1,34875.2,35168.2,34926.1,34719.8,34935.3,34881.3,34810.7,35304.1,35837.5,35951.4,36265.9,35673.6,35623.8,35112.8,35125.7,34877.7,34534.3,34872.1,34332.6,34243.3,34245.2,33998.2,34634.9,34365.2,34543,34323.7,34564,34306.4,34019.1,34283.8,34310.3,34517.6,35130.5,34023.4,34568.6,34561.9,34050.5,34134.3,34064.1,33649.5,33865.4,34102,33483.4,34003.2,34550.1,33414.4,33929,34156.5,34287.7,34561.8,35041.9,34452.4,34105.8,34539.1,34222.4,34778.9,35246,35298.4,35483.5,34969.8,35580.6,35909.1,35929.5,35057.7,35927,35854.6,37040,37692.3,37716.5,37583.1,38535.7,38638.3,39706.9,39837.2,40532.9,39987.5,41175.5,42464.1,41547.3,41556,41827,41900.1,42521.2,42196.9,42961.8,43433.8,44444,45457.5,46608.2,47500.2,47332.5,47856.1,48583.9,49026.7,50003.9,50744.8,51812.2,52196.3,52077.3,52677.6,52916.9,53279.6,53341.6,54276.3,54734.7,54256.5,55458.1,56008.2,55831.2,56102.2,56390.3,55642,56227.5,56723.3,56359.5,56665.7,57404.3,57127.8,57886.8,58254.2,58024.6,58285,59108.5,58127.2,59069.6,59313.7,59591.1,59874.9,59554.5,59518.3,59965.7,60077.2,59833.7,60746,60873.4,61518.4,62413.4,62570,62185.7,64408.3,67846.8,68793.2,70412.6,70441.6,70719.5,71662.3,71557.1,70947.5,71077.8,70835.9,71387.5,72128.1,73156.4,72294.6,72426.3,72311.8,72241.5,72005.4,71991.9,71771.7,72364.2,78089.9,78834.4,79265.9,79929.2,78234,79337.1,80310,81118.4,81121.9,81555.1,79746.5,80722.4,82165.8,81199.8,80808,81765.8,81588.1,81881.3,82762.6,82415.4,82567.6,82282,79922.7,80391.4,80020.1,80370.1,80039.2,80983.6,79774.1,80197,82607.8,81625.5,81911.5,83503.5,82433.3,84960.5,85732.9,85838.9,87938,90142.9,88888.4,90885.3,93440.3,94604.8,96100.7,97679.2,96900.2,97920.9,99704.3,99499.5,100398.5,101058.8,99799.5,100994.8,101239.7,98315.7,99504.8,99293.6,97800.7,98199.8,98190.1,98752.2,97716.5,96071.3,95051.9,94803.3,95354.7,95464.4,96055.6,95758.3,94957.3,97164.3,97602.3,97987.1,98362.3
"대구광역시",7821.2,7561.3,7555.2,7691,7877,7990.1,8303.5,8113.3,8105.2,8385.5,8507.9,8535,9296.3,8719.9,8809.3,8981,9169,9050.9,9414,8973.3,9086.1,9358.8,9477.2,9572,9751,8972.7,9202.8,9072.8,9050.2,9144.5,9784.1,9975.9,10243.1,10932.2,10850.5,11137.7,11572.8,11446.9,11768.4,12411.6,12452.1,12605.3,12861.6,12598,13101.6,13601.7,13547.3,13941,14412.8,14463.1,15390.2,15629.5,16048.8,16216.1,16584.5,16600.2,16943.1,17023.7,17290.1,17520.5,18227.5,17907.1,18127.4,18294,18455.7,18531.3,18773.3,18776.9,18966.8,19486,19211.9,19261.9,19358,19204.7,19637.1,20107.4,19950.9,19877,20133.7,19842.7,20303,20519,21168.2,21461.2,21409.9,21794.1,21775.6,21926.6,22044,22537.7,22691.9,22374.6,22655.6,22399.1,22428.3,23151.4,22857.5,22872.9,22671,22165.2,21688.2,21600,21612.5,21539.9,21489.6,21998.7,21814.6,21934.5,22295.8,22257.4,22491.6,22203.2,22651.9,22605.7,23108.2,22678.1,22588.5,22976.7,22970.2,23045.7,23859.3,23203.8,23338.2,23341.7,23453.6,23430.5,23343.2,22875.7,22874.6,23299.9,22763,22783.4,23365.7,22335.3,22583.5,22610.7,22136.2,22113.3,22332.2,21584.9,21455.7,21906.1,21328.4,21545.3,22108.2,22143.2,22403.6,22431.9,23228.3,23010.5,23031,22571.2,23013.3,23231,23896.5,24094.6,24523,24481.3,24878,24645.9,24894.2,25128.4,25479.1,24913.9,25311.1,26322.1,26004.7,25811.7,26009.3,26309.6,26658,26535.7,27159.2,27255.7,27883.6,28038.2,28382.9,29161.2,29444.8,29619.1,29739.4,30278.2,30637.9,30383.5,30996.5,30941.1,31583.9,31765.6,31652.1,32327,32751.4,33533.2,33694.1,33492,34245.7,34460.7,34248,34752.2,35023.6,34636.9,34799.7,35131.7,34439.3,34458.2,34922.4,34919.1,35448.9,35638.2,36147.5,36742.2,37213,36149.3,36924,37046.1,37112.1,37534.3,37541.7,37618.2,38167.1,37819.5,38331.8,38652.7,38970.5,39326,39586.2,39221.6,40058.8,42292.9,42203.2,43730.3,43878,42885.8,44543.6,45916.5,46465.4,45580.1,46417.7,47076.4,46672.9,46777,46861.6,46591.8,46346.7,46708.1,47143.9,47258.1,47904.9,47504.9,47535,47897.5,47914,47703.1,47164.2,46792.6,47608.6,48064.8,48538.5,48623.1,48731.9,48340.3,48654.6,49183.5,48706.9,48388.7,48356.4,48323.6,48742.3,49103.2,49323.7,49558.6,50138.4,49089.1,49589.6,49524.8,49448.4,48939.5,48437.4,48996.8,50085.2,50210.7,51060.5,51361.4,51392.4,50812.8,52051,51833.8,51513.1,51921,52113.4,52216.2,56740.4,54870.8,55588.6,56938.1,57188,56976.7,57685.5,57522.9,57544.5,57820.7,57156.5,57437.2,58882.2,58800.9,58380.4,59998.9,60235.7,59590.1,61168,60780.3,61309.6,61367.2,60019.8,59611.2,61409.1,62078.2,63616.2,64936.4,64409.8,63920.7,64156.3,63989.1,64291.1,63204.9
"인천광역시",6036.2,5800.4,5969.7,6039.4,6135.4,6117.6,6396.9,6382.3,6375.3,6734.4,6583.9,6584.4,6875.3,6622.5,6889.9,6956.4,7147.4,7026.2,7388.6,7270.7,7541.4,7608.8,7738,7736.6,7617.7,7313.9,7682.1,7740.7,7913.7,7970.8,8417.5,8485.4,8741.1,9029.3,9047.6,9112.6,9213.6,9227.2,9351.7,9704.1,9809.2,9706.1,9718.8,9539.1,10013.2,10246.1,10297.9,10673.3,10880.1,10898,11644.8,11731.3,12106.4,12319.5,12692.7,12666,12989.6,13056.1,13406.8,13685.3,13987.3,13941.1,14142.6,14386.6,14730.7,14784.6,15082.7,15269.3,15430.2,15889.9,15896,16002.8,16266.4,16343.9,16718,16954,17318.6,17618.8,18152.5,18052.9,18455.9,18822.5,18932.4,19196.2,19363.3,19071.8,19177.4,19681.6,19618.9,19395.2,19688.6,19661.7,19437.6,19475.9,19784.2,19450.9,19350.1,19295.1,19621,19228.5,19418.2,19434.4,19512.5,19154.2,19046.8,19345.9,18967.2,19012,19066.5,18792.7,19263.5,19005.8,19136.5,19258.5,19732.6,19646.1,19466.8,19489.8,19169,19361.2,19510.4,19349.9,19433.7,19331.4,19357.5,19591,19850.2,19788.1,19762.8,19986.7,20113.7,20580.8,20899.1,20542.1,20933,21199.1,21138.7,22632.2,21357.1,20869.5,20853.3,20892.4,20688.1,21180.7,21589.7,21282.4,21606.6,21666.2,21724.9,22428.8,22225.5,21750.4,22285,22036.9,22656.4,22788.9,22658.5,22175.7,22493.2,22606.7,23081.8,23240.1,23183.7,23253.8,23487.9,24344.1,24259.3,24121.6,24456.2,23782.8,25273,25250.6,25382.2,25492,26259.8,26028.3,26312.2,26296.7,26652.1,26754,26323.7,26341.4,27221.7,27490.6,27378.7,27628.1,28017.5,27567,27676.3,27738.7,27843,27884.7,28061.2,27188.6,28225.9,29256.9,28309.5,28759.6,29492,28834.4,28994.1,30212.6,29420.8,29446,29395.1,29773.1,30447.6,31092.8,31496.2,31373.7,32020.9,30342.7,30729.2,30593,30916.5,31254.2,31197.4,31122.4,31094.1,31460.9,31361.9,32078.5,32334.6,31747.6,32425.3,32846.5,32391.5,33167.7,32603.1,32700.4,33322.2,34081.8,34119.2,34741.7,35347.4,34900.3,35284.3,35475.8,35435.7,35309.2,35680,35610.4,36345,37009.5,36913.1,37235.3,37915,37979.3,38118.4,38783.9,38934.5,39259.7,40274.6,39219.3,39681.3,40395.9,40741.2,41142,41772.6,41397.9,41840.6,43044.3,42303.6,42482,43007.6,41956.4,42819.1,43483.8,43283.9,44438.6,45108.3,44186.2,44314.6,43925.3,44156.7,44298.5,44338,44028.9,44578.6,45006,45368.8,45810.3,46196.4,45538.4,46201.9,46153.4,46340.7,46657.2,46757.3,46504.8,48299.3,48962.6,49629.2,51441.6,52070.5,51052,51083.6,51511,51251.5,51828,51948.8,51908.4,53031.3,53319,52417.6,53828.2,55545.8,54798.3,56173,56834.9,56781.4,57301,57520.5,56226,57264.7,57822.4,58367.2,58776.6,59446.3,59074.6,59454,59877.2,59444.2,59778.7
"광주광역시",3362.2,3259.3,3371.8,3278.8,3442.9,3540.8,3567.6,3613.7,3699,3887.4,3800.8,3773,4133.8,3916.8,3978.8,3887.4,3883.4,3850.3,4158.9,3992.7,4073.6,4153,4070,4088.2,4177,4031.8,4299.3,4356.7,4444.6,4548.4,4845,4876.2,5212.1,5650.9,5668.3,5913.6,6229,6003.9,6342.9,6720,6594.9,6600.3,6860.9,6690,6993.2,7276.1,7203.6,7353.5,7681.6,7612.2,8197.1,8209.5,8382.3,8560.5,8837.1,8883.5,9039.8,9069.2,9147.1,9213.9,9343.7,9080.7,9468.6,9341,9454.7,9523.9,9642.9,9842.7,9978.6,10284.2,10171.7,10312.7,10617.8,10436.5,10626.1,10923.1,11065.3,11254.4,11429.7,11150.7,11487.1,11680.4,12027.8,12014.9,11985.4,11698.6,11596.5,12250.4,12266.6,11993,11811.8,11561.9,11741.8,11549.8,11699.7,12113.3,11720.9,11682.9,11628.7,11286.8,11214.6,11286.4,11203.2,11011.6,11246,11486.6,11480.1,11418.3,11491.5,11228.5,11625.6,11396.3,11863.2,12068.6,12287.1,12141.8,12020.8,11887.2,10510.5,10535.8,11059.6,10468.3,10643.1,10678,10626,10474.2,10387.8,10400.9,10377.1,10485.1,10153.3,10258.8,10918.7,10135.1,10225.7,10195.4,10185.5,9821.4,9925.5,9475.2,9964.3,10047.6,9704.9,10017.9,10554.3,10136.8,10181.7,10185.1,9937.3,9987.6,9673.5,9559.1,10007.2,10222,10469.6,10637.3,11282.4,11237.9,11430.2,11494.3,10968,11032.9,11700,11408.1,11729.7,12022.6,12188.9,12047.4,12518.6,12625,12708.5,12682.5,12660.5,12854.6,13128.2,13135,13294.9,13462.3,13502.8,13625.2,13858.6,13720.8,14193.6,14334.6,14401,14466.2,14838.3,14891.9,14807.4,14895.9,14920,15278.8,15775.4,15582.1,15639.5,15821.5,15577.3,15612.5,15966.8,15448.8,15711.8,16021.9,15933.7,15996.4,16577.8,16125.2,16524.4,16482.5,16546.2,16912,17338.5,17069.1,17312.3,17395.2,17559.5,17547.5,18041.6,17733.7,17797.3,17962.1,17981.2,18351.9,18647.8,18587.9,18964.4,18653.5,18583.9,18761.2,19139.3,19225.8,19698,19434.9,19508.8,19498.8,19889.8,19603.8,20170.9,20367.4,20373.6,20460.2,21419.9,21275,21564.3,21626.5,21764.5,21995.5,22773.9,22733.4,23132.9,23218.5,23280,23369.9,24067.4,23216.2,23499.2,23316,23380.9,23239.9,23708.3,23489.2,23588.6,24070.8,23324.2,23614.4,24235.1,23643.2,24040.8,24065.5,23978,24337.4,24298.6,23957.5,24024.9,24146.6,23816.2,23849.3,24104.4,23590.5,23803.3,23663.2,23795.9,23881.2,24163.5,23901.8,24584.7,24861.4,24814.4,24976.1,25261.5,25118.4,26251.7,26423.2,26327.6,26733,27369.1,26842.5,27148.2,27825.8,27492.4,27706.3,28573.7,27757.2,28287.9,27949.2,27579.4,28215.4,29050.4,28341.4,29062.9,29393.7,29745.4,30277.2,30480.8,30168.2,29899,29910.3,29927,30574.6,30838.7,30953.8,31419.4,31112,31212.6,31143.8
"대전광역시",3388.3,3178,3220.6,3213.8,3163.2,3224.3,3406,3276.1,3363.5,3532.4,3468.7,3482.5,3899.4,3660.4,3822,3839.9,3918.7,3761,3994.3,4020.6,4273.7,4190.2,4193.7,4341.4,4348.3,3962.9,4392.3,4277.9,4346.9,4647.2,4855.6,5103.9,5473.9,5831.9,6049.8,6088.1,6332,6249.2,6447.5,6753.4,6665.8,6559.6,6723.5,6545,6860.2,7284.7,7472.6,7532.4,7865.1,7771.1,8283.5,8428.5,8709.8,8856.9,9096.3,9248,9455,9477,9671.9,9938.7,10062.5,9824.2,9975.6,10027.5,10332.7,10504.5,10740.7,10646.4,11000.3,11413.7,11579.9,12017.9,12560.4,11818.7,12271,12519.9,12685.7,12624.6,13009.1,12590.8,13161.6,12962,12856.1,12943.3,12951.9,13026.6,13144.7,13389,13904.1,14040.4,14453.4,14466.7,15059.5,14642.8,14551.5,15251.5,14928.9,14722.2,15689.9,15385.5,15077.1,14936.5,15225.6,14957.7,15130.6,14989.7,15003,15096.8,14448.6,14044.3,14819.4,14443.8,14808.4,14847.3,15000.8,14686.4,14835.6,15109.3,15333.1,15248.7,14994.8,14523.2,14987.7,15276,14977.9,15282,15521,15394.9,15322.6,15888.2,15165,15542.2,15709.2,14876.2,15561.2,15756,15712.2,15951.8,16588.3,15507.1,15653.5,15945.4,15635.8,15584.7,14896.4,14992.2,15108.9,15287.1,15929,15780.1,15829.4,15361.3,15734,16035.2,17082.7,17091.3,16458.2,16877.3,17314.7,17295.5,17734.6,17545.3,18099.4,17498.6,18071.3,18555.7,17968.7,17695.6,17755.7,17902.5,18679.6,19201.4,19892.5,20214.8,20900.8,20485.8,20660,20844.4,21061.9,21073,20508.5,20807.8,21431.1,22308,22654.1,22937.2,23157.3,23019.6,23310.5,23670.5,23385,23758.5,22604.5,22770.4,23549.6,24593.4,25037.8,24730.8,25080.4,24646.2,24947.3,24398.9,24040.6,23791,23234.8,23025.2,23417,24890.2,25478.5,25199.7,25530.6,24680.4,24888.4,24959.3,24489.9,24506.8,23975.3,23638.8,24305.9,25006.9,25502.8,25983.1,26525.7,26233.6,26821.1,26322.8,26247.7,25989.9,25692.5,25514,26429.1,28488.5,29524.8,29634.3,30810.9,30295.8,30591.3,30571.4,30699.2,30080.6,28045.8,28198.4,29164.7,29959.4,30669.7,30958.3,31233.1,31197.6,31081.1,30858.8,30421.7,29894.7,28605.4,28937.6,30515.1,31568.9,31632.9,31729.6,31539.6,31444.2,31174.5,31428,31942,31026.9,30601.9,30908.1,31795.1,32941.8,33198.2,33252.4,33680.9,33280.5,33137.9,33359.5,33278.8,32507.8,30908.9,31653.6,32765.6,33322,34217.5,34370.2,34801.1,34863.3,35217.9,34933.1,34375.4,34301.4,33905.4,35693.6,37127.8,37272.6,37811.6,38297.9,38901.4,39070.3,38908.7,40688.3,40406.2,40006.4,38725.4,39151,42314.9,43610.4,43301.9,43798.9,45131,43217.5,44232.3,43758.7,44122.1,42880.7,40425.1,43318.8,45355.8,46841.5,47406.4,53458.5,51347.9,48238.1,48388.7,48445.9,48445.5,48571.8
"울산광역시",-,-,-,-,-,-,-,-,-,-,-,-,-,-,-,-,-,-,2575.6,2469,2562.2,2547,2581,2554.5,2532.3,2465.5,2560.7,2466.8,2540.4,2524.5,2749.6,2759.9,2853.5,2882.6,2918,2881.2,3077.1,2939.5,3023.1,3054.8,3132.2,3020,3204.9,3096.7,3353.5,3443.1,3407,3478.9,3705.7,3733.9,3912.5,3810.9,3985.1,3923.2,4157.7,4115.8,4246.9,4261.1,4384.1,4390.3,4536.1,4633.8,4725.7,4654.5,4829,4848.9,4921.5,4903.6,4994.4,5078,5135.7,5108.2,5437.6,5386.2,5578.6,5477.1,5635.5,5630.8,5735.7,5706.5,5759.5,5912.9,6096,6080,6514.5,6439.6,6417.5,6516.8,6481.9,6506.1,6662,6716.7,6813.6,6876.1,7067.4,7018.4,7297.8,7181.9,7176.5,7062.9,7132.1,7030.2,7075.5,6944,6961.6,7022.5,6907.6,6919.7,7236.1,7085,7137.2,6968.7,6918,6879.5,7121,6965.6,6969.8,7129.3,7085,7127.5,7599.4,7323.7,7381.8,7374.9,7395,7396.3,7562.2,7614.3,7550,7654,7567.2,7650.4,8030.5,7714.6,7802,7689.7,7793.1,7956.1,8205.7,8055.7,7876,7912.3,7866.6,8065.3,8569.7,8643,8712.5,8707.1,8752.4,8913.6,9111.9,9103.3,9154.7,9475.6,9612.2,9639.5,9916.9,9659.2,9677,9768.7,9621.6,9506.7,9999.4,9724.7,9766,10107.7,9972.5,9995.3,10425.8,10209.4,10379.2,10364.5,10438.3,10505.8,10787,10688.9,10888.6,11157.8,11088.1,11310.3,11707.8,11670.9,11624.6,11504.6,11642.4,11729.8,12056.1,12084.7,12446.4,12405.5,12473.4,13034,12897.8,12746.9,12869.1,12850.1,12827.2,12981.7,13181.6,13232.5,13335.2,13309.7,13503.1,13250.7,13631.6,13644.8,14028,13788.5,13914.2,13908.1,13957.6,13863.7,14111.7,14292.2,14224.8,14236.8,14588,14152.2,14467.2,14335.3,14332.3,14440.1,14691.9,14455.7,14565.7,14490.9,14600.8,14623.7,14873.6,14618.1,14865,14741,14863.6,14888.8,15251.1,15001.1,15151.5,15217.9,15248.1,15165.6,15505.6,15295.3,15600.4,15418.8,15313.5,15486,15492,15367.1,15573.8,15579.2,15723,15754.7,16080.5,15912.9,16078.9,16000.4,15875.9,15990.5,16156,15834.8,15871.4,16103.4,15876.7,15844.4,15899.4,15895,15998,15855.8,16208.5,16168.2,16422.2,16053.7,16178.3,16260.6,16345.3,16128.1,15886.4,16247.5,16755.4,16782.4,16742.2,16890.3,16845.3,16810,16797.3,16759.4,16901.6,16999.5,16646.3,16939.7,17341.5,17820.5,17758.4,18418.5,18312.8,18223.4,18618,18405,18500,18536,18231.6,18246,18808.4,19126.6,18835.3,19045.1,19384.8,19225.2,19730.5,19686.5,19567.1,19778.2,19383.7,19427.4,19855.9,20391.6,20296.6,21057.6,21293.2,21352.7,21379.3,22044,22572.3,22790.7
"세종특별자치시",17738.6,17018,17715.5,17659.5,18153.2,18406.2,19188.7,19271.2,19395.4,20665.6,20947.9,20955.1,22149.2,21363,22348.1,22713,23188.5,23072.9,24172.1,23949.9,24830.9,25504.3,25853.4,25833.7,25413.1,24642.4,25484.3,25626.8,26220.3,26196.4,27638,27593.7,28056.4,29324.8,29810.6,29918.6,30984.4,31062.9,32545.7,33947.3,33642.2,33473.9,34208.5,33672.4,35262.7,37765.7,36954.6,39376,39455.5,40267.4,42347,42919.3,43946.6,44909.6,46315.3,46533.6,48074.7,48629.3,49675.4,50354.3,51586.4,51496.7,52620.4,52822.7,53750.7,54444.3,55008.6,55809,57674.9,58075.1,57720.8,59037.4,60148.9,61093.1,62704.6,64005.7,64757,64838.9,65808.5,65837.3,67366.4,68649.4,69439.2,69788.3,70652.4,70457.2,70935.1,72907.6,73888,74254.3,74678.6,74337.1,74645.5,74274.9,75209.7,75934.6,76576.6,75896.5,77844.2,75634.7,76892.1,76348.5,76759.2,76632.6,75713.7,76383.7,75703.3,75795,76795.1,75857.6,77540.1,77116.3,78034.8,78045.9,79423.3,79556.2,79310.8,80830.5,79483.5,80053.1,82186.3,80100.4,80988.8,80624.2,81279.8,82316.4,82284.6,81629.2,81641.7,84256.2,83887.7,85387.2,87037.3,83362.3,84588.4,86117,85518.1,85298.3,86212.2,83844.4,83931.2,83790.4,83431.2,83366,85354.9,86133.8,86970,86775.9,83991.7,89060.1,89824,88388.2,90765.3,91357.4,94362,95399,95938.1,95997.7,98961.9,97913,98870.3,98795.1,100136.5,98656.6,101414.9,104174.8,104258.2,105316.3,105995.5,106624.9,108171.6,108073.7,108889.6,111433.8,113669.4,114765,116178.2,117738.7,118996.4,119969,118623.4,118747.7,120523.5,122370.8,123342.4,123272.3,125612.7,125224.7,125625.8,127379.4,128296.2,130342,131385.1,128770.2,132425.6,134424.8,132302.8,133199.8,134386.4,133026.4,133821.3,135695.8,134630.8,135433.7,137650.9,136866.6,138520.1,139871.7,138529.3,139582.7,141248.4,138029.8,139722.7,141246.2,142079.8,143872.2,144173.5,144862.8,146665.8,146039.3,145938.3,148142.3,149641.3,148000.9,151118.6,151213.2,151908,153386.7,153813.3,154819.7,156844.3,157678.9,157917.5,160318.1,162583.5,163708.5,164936.4,166984.4,166801.9,167817.2,169215.4,170823,172743.5,172646.3,172950.7,174866.8,175707.1,174559.6,177762.2,179323.3,181537.3,183028.5,184606.3,183489.4,184858.4,185591.2,186455.2,187486.7,190123.9,188543,191614.8,196280.1,193697.7,194447.7,195344.5,194912.3,199076.3,200389.3,199145,202294.9,204617.6,202776,204689.9,205258.3,206447.5,206473.4,206787.8,206126,207995.7,209863.8,211397.8,214189.2,214688.2,212949.4,217738.8,218900,219885.2,222711.2,223043.4,221677.1,227590.4,229505.7,231478.6,238455.9,240205.6,238264.8,240478.6,245269.4,245500,247242.5,251734.3,249874.3,253486.9,253117.3,248584.8,254810.8,259538.4,256403.7,263459.6,266206,267406.8,268894.7,271034.3,268966.4,269515.7,271515.6,273330.4,276826.2,280971.9,277610.8,281053.1,283879.4,285791.1,287030.7
"경기도",2720.2,2457.7,2492,2367,2366,2369.3,2402.5,2419.3,2487.1,2690.6,2728.2,2687.3,3118.2,2762.6,2839.2,2745,2756.5,2718.7,2882.7,2882,3068.7,3171.2,3218.2,3209.9,3388.7,2972.1,3145.7,3093.2,3119,3096.9,3193,3255.3,3340.7,3748.4,3733.3,3877.4,4155,4075.4,4338.3,4416.1,4492.3,4537.9,4610.1,4656.5,4785.6,4929.8,4800.5,4820.6,5057,5053.1,5371.3,5271.2,5305.6,5371.3,5375.4,5418.1,5531.2,5572,5613,5675.3,5979.8,5891.6,6134.2,6104.7,6211.8,6237.6,6332.4,6455.7,6484,6673.8,6371.6,6463.2,6600.4,6446.7,6661.3,6581.2,6540,6481.1,6624.6,6698.7,6874.2,7230.8,8703.2,7982.7,8052.8,7813.7,7785.9,7263.5,7146.6,7092.3,7325.8,7379.1,7636.3,7823.6,7817.4,7795,7942.5,7789.7,8380.6,7629.3,7886.3,7919.8,7934.5,8062.3,8091.6,8271.5,8023.1,8052.5,8354.6,8218.8,8718.4,8189.5,8307.9,8252.4,8328.5,8181.7,8184.4,8011.3,7947,7891.4,8287,8069.4,8043.1,7893.9,7955,7834.2,7834.3,7834.8,8212.5,9103.6,8773.4,8588.9,8902.9,8226.7,8412.8,8333.1,8448,8498.4,8670,8496.5,8598,8854.7,8381,8336,9162.3,9299,9642.6,9835,10513,10654.8,10676.1,10679.7,10875.2,10748.3,11039.1,10924,10560.6,10273.9,10464.6,10184.6,10164.4,10309.8,10190.5,9970,10109.9,10605,10516.3,10332.3,10453.3,10669.1,11005,11035.6,11246,11319.5,11334.5,11304.3,11585.8,11474.1,11512,11537.9,11416.9,11456.5,11961,12271.6,12206.6,12454.8,12581.9,12569.9,12846.6,12807.1,12916.3,12874.4,12626.3,12589.6,13017.2,13460.3,13096.5,13407.2,13567.9,13363.1,13685.9,13732.7,13426.4,13098.7,13162.3,13326.4,13706.5,13899.7,14235,14358.3,14423.4,13976.5,14286.7,14075.5,13999.8,13990.6,13718.5,14006.2,14397,14581,14312.4,14492.2,14656.9,14528,14814.5,14425.4,14685.1,14847.6,14808.7,15126,15568.9,15749.8,15655.6,15690,15839.9,15786,16262.6,16425.8,16237.6,15885.6,15664.1,17707.9,18631.3,19221.1,19324.7,19505.2,20622.8,20697.5,21857.1,22651.3,23151.7,22843.5,22669.9,22479.9,23616.2,23344.4,24040.8,25394.7,25411.5,24352.5,24892.8,24756.8,25099.1,24738.2,23775.3,24018.4,24563.6,24882.8,25301.7,26238.6,26952.9,26111.3,26168.8,26056.7,25717.2,24587.3,23680.4,24787.2,26409.7,26731.7,27982,29027.8,29785.8,28982.2,28625.4,28349.9,28032.7,27196.6,25501.3,25716.1,27467.6,27399.8,28549.7,27568.9,28059.9,27171.2,26557.2,26169,26090.4,25952.9,24939.5,25776.8,27074.3,26802.5,27083.5,28052.2,29245.7,28274.5,29338.3,29064.3,29136.2,29621.7,28054.8,28587.8,30139.9,31148,32606.1,34266.6,33879.5,33279.7,33437.4,33401.5,33643.5,33017.5
"강원도",2306.1,2133.2,2218.8,2144.8,2222.5,2216.8,2313.9,2270.2,2297.2,2509.4,2406.4,2420.6,2713.4,2559,2765.4,2651.3,2715.4,2682.5,2802.9,2763.1,2869.5,2943.1,2950.3,3001.4,3064.6,2999.7,3220.4,3179.8,3275.4,3264.3,3390,3350.6,3361.2,3505.9,3576.8,3599.7,3906.1,3691.3,3833.7,3981.7,4008.9,3995.7,4109.9,4044.1,4235.8,4411.9,4240.7,4326.8,4547.5,4560.5,4889.2,4880.5,5057.4,5127,5333.7,5336.6,5440.6,5465.4,5548.8,5635.6,5871,5743.1,5869,5743.7,5838.8,5832,5876.2,5944.8,5954.1,6143.5,6121,6102.7,6302.7,6231,6395.9,6387.6,6490.1,6436.9,6515.5,6415.3,6476.9,6609.9,6629.8,6640,6792.3,6685.3,6785.3,6786.3,6813.9,6763.3,6930.2,6903.1,6944.5,6983.1,7027.1,7131.8,7252.8,7188.1,7255,7151.2,7201.1,7191.7,7264.7,7203,7290.4,7362.1,7320.3,7341.6,7479.9,7280.6,7501.5,7345.1,7525.8,7430.5,7542.3,7558.7,7544.7,7629.6,7648.6,7628.4,7933.8,7663.7,7732.3,7585.6,7624.3,7606,7664.6,7655.2,7728.1,8046.8,7837.6,8015.9,8314.1,8046.4,8217.2,8194.4,8159.9,8411.5,8682.4,8379.8,8262,8381.1,8280.4,8278.5,8679.4,8878.3,9101.1,9243.7,9775.8,9957.1,9895.5,9790.9,10135.2,10159.5,10454.2,10355,10068,9967.7,10163.6,9988.4,9790.1,9915.3,9943.8,9739.4,9853.1,10317,10182.3,10032.6,10166.8,10195.8,10594,10570.2,10706.7,10867.5,10925.5,10887.7,10937.5,11073.8,11220.7,11214.8,11318.1,11394,11868.3,11953.9,12071.2,12194.5,12447.2,12257.1,12475.1,12417.4,12581,12843.2,12893.8,12755.7,13181,13481.9,13400.8,13666.8,13866.8,13474.6,13566.6,13678.1,13260.4,13245,13335.2,13333,13831.5,14036.7,14385.3,14435.2,14549.2,14119.6,14180,14227.8,14296.9,14292.8,14145.8,14153.7,14498.8,14529.3,14570.3,14893.5,15141.4,14974,15239.8,15070.5,15193.7,15413.8,15124.3,15190.2,15828.7,15789.3,15863.6,16164.2,16343.3,16169.7,16490.6,16859.9,16796.3,16697.6,16285.4,16252.7,16761.9,16948.9,16858.1,17131.9,17329.5,17207.9,17427,17644,17926.4,17839,17522.2,17235.4,17827.2,17969.6,18331.2,18447.6,18619.6,18290.1,18886.6,19277.9,19211.3,19155.7,18707.2,18514.9,19173.8,19204.8,19597.6,20077.1,20360.4,20101.4,20440.4,20553.5,20457.7,20104.7,19412.9,19793.4,20645.3,20729.2,21382.8,21832.4,21934.7,21718.6,22185.9,22140.7,22087.5,22025.4,21582.6,21778.2,22789.6,22690.2,23085.8,23867.4,24148.8,23729.3,24069.1,24222.2,24024.1,24229.7,23634.2,24064.6,24798.7,24781.3,24732.2,25213.9,25815.4,25299.3,26392.4,26134.1,26123,25939,25567.9,25602.1,25880,26239.3,27221.3,28013.8,28275.9,28048.6,28812.4,29405.8,29688.6,29865.5
"충청북도",2641.5,2376.4,2590.3,2479.6,2562.7,2565.8,2637.7,2627.5,2655.3,2847.2,2770.1,2874.1,3175.7,2982.3,3147.1,3126.2,3084.6,3046.9,3146.9,3118,3278.1,3317.2,3347.7,3406.4,3535.3,3213.3,3439.7,3364,3437.3,3476.3,3599.5,3610.9,3665.3,3809.1,3739,3854.3,4058.8,3937.3,4184.6,4286.8,4268,4281.6,4400,4261.4,4446.8,4635.6,4522.3,4744.9,4984.7,4914,5237.7,5223.8,5322.1,5341.8,5457.1,5425.8,5622.9,5684.7,5803.7,5937.5,6188.9,6086.9,6319.8,6420.3,6535.1,6524.4,6633.9,6623.2,6783.4,6959.7,6954.3,7051.9,7141.1,7100,7445.1,7504.2,7606.8,7782.5,7815,7749,7982.7,8045,7991.6,8205.4,8361.8,8357.1,8612.6,8712,8775.1,8797.1,8995.3,9051.5,9077.7,9191.5,9225.2,9246.5,9225.9,9032.3,9451,9425.1,10349.6,10282.8,10319.2,10258.4,10171.7,10858.9,10149.1,9960.9,9917.4,10215.9,10549,10196.1,10388.9,10485.8,10528.5,10393.8,10512.5,10591,10508.2,10513.8,10479.5,10249.4,10482.9,10553.8,10557.3,10735.4,10809.3,10934,11113.3,11257.6,11173.2,11286.8,12054.5,11506.3,11685.9,11471.1,11791.2,11671.9,11992.1,11597.3,11619.3,11610.2,11476.8,11530.7,11742.2,11546.9,11916.5,11917.7,11821.6,12226.1,12320.2,12073.9,12406.4,12455.5,12510.2,12503.3,12489.9,12448.4,12909.3,12529.3,12544.7,12456.6,12488.3,12233.6,12624.4,12907,12766.3,12738.6,12711.1,12616.1,13373.6,12998.8,13456.2,13669.6,13577,13551.9,13823.2,14010.5,14267.7,14338.2,14374.2,14560.6,14828.5,15013.9,15141.1,15477.4,15336.5,15343.8,15782.9,15798.6,15867.9,16069,16721.5,16491.9,16752.2,17393.8,16791.3,17121.1,17390.6,16524,16932.8,16376.6,16414,16775,17305.6,17458.4,17823.7,17890.8,18217.5,18419.2,18257.1,18513.4,18846.4,18736.6,18861.3,18902.4,18654.6,18877,19162.5,19288.1,19209.8,19520.2,19761.7,19845.4,20128.4,19977.2,19850.9,20073.1,19741.1,20009.8,20831,20906.4,21462,21769.6,22024.9,22164.1,22876.5,23076.9,22881.9,22850.3,22462.1,22287.7,22791.6,22561.7,22452.4,23095.4,23088.6,23008.9,23434.8,23545.7,23983.9,23870.7,22611.6,22572.6,23304.3,22940.8,23163.2,23408.6,23398.6,23214,24049,24420.2,24468.1,24450.2,23823.3,23635.8,24699.9,24454,24549.2,25163.3,25322.3,25275.7,25885.5,26018.3,26059.8,25738.9,24605,24773.8,25554.9,25694.9,26478,26803.8,26705.1,26255.1,26592.4,26625.3,26871.3,26511.3,25555.5,25860,27081,26795.9,27103.2,28376.6,27852.4,27362.2,27828.5,27865.2,27729.8,28230.6,27669.5,27861.5,28455.6,28401,28178.9,29325.8,29851.1,29509.7,30678.4,31515.4,31039.9,31034.1,29966.9,29877.3,30688.9,31002.4,31926.5,32862.8,33060.8,33130.1,34316.8,34960.8,35195.8,35557
"충청남도",3375,3152.6,3233.8,3118.1,3121.7,3194.2,3270.7,3289.8,3307.2,3483.4,3367.2,3411,3719.7,3592.3,3693.8,3597.5,3677.9,3589.5,3781.1,3745.1,3884,3941.4,3927.6,4026.6,4222,3903.9,4056.5,3971.8,4039,4208.9,4301.1,4381.4,4478.8,4748.1,4871.9,5046.2,5322.1,5206.4,5496.7,5720.1,5769.6,5792.6,5961.6,5721.2,5943.3,6173.6,6021.4,6137.1,6346.9,6326.3,6770.9,6841.9,7000.1,7069.3,7236.1,7263.2,7333.1,7433.1,7579.1,7680.2,7956.6,7890.7,8188.6,8340,8399.9,8453.7,8545.8,8509.3,8621.8,8872.6,8688.8,8644.7,8845.7,8684,8954.2,9100.5,9112.2,9125,9283.1,9060.7,9175.7,9291.9,9554.6,9553.8,9736.4,9556.2,9599.9,9821.7,9923.4,9756.9,9947.1,9681.7,9807.1,9866.9,10005.4,10060.3,10093.3,9859.7,10130.8,9889.5,9944,10076.1,10106.8,9943.3,10188.5,10355.6,10239.9,10161.7,10347.6,10105.9,10471.7,10338.1,10677.3,10693.8,10923,10870.2,10785.6,11100.2,11057.2,10807.7,10969.3,10498.3,10621.2,10616.6,10854.4,10862.2,10907.3,10918.8,11096.4,11387.6,11077.6,11084.4,11212.7,10749.3,10844.1,11022.7,11269,11718,12008.6,11700.2,11685.2,11776.6,11469.2,11290.5,11392.3,11380.9,11579.9,11704.7,12488,12590.9,12655.9,12711.1,13007.8,13042.2,13442.1,13295.8,12965.9,13027.5,13395.7,13095.7,13158.3,13219.5,13234.5,12788.9,13011.4,13561,13360,13350.9,13340.6,13652.5,14194.7,14279.9,14834.1,14836.6,15100.5,14972,15147.4,15082.1,15164.2,15184.3,15105.2,15235.6,15647.9,15785.1,15966.1,16114.5,16269.5,16119.1,16267.2,16375.2,16564,16739,16632.8,16645.1,17195.3,17784.4,17595.3,17882.3,18071,17588.7,17713.2,17861.4,17405.7,17331.3,17262.1,17289.7,17719.4,17815.5,18132.4,18310.2,18650.4,17967.5,18198.8,18183.6,17964.3,18250.7,17957.6,17956.2,18354.2,18579.5,18475.1,18724.2,19099.6,18894.5,19205.4,19404.9,19019.8,19327.1,18907.1,19200.8,19708.9,19811,19927.4,20025.9,20320.1,20209.6,20613,20892,20649,20441.9,20055.2,20320.4,20894.1,20983,20843.6,20944.2,21107.2,21142.9,21276.9,21485.6,21781.7,21649.9,21020.7,20914,22643.8,23063.9,22628.3,22875.3,23223.4,22850.2,23527.5,25090.1,24657.9,23915,22690.2,23256.7,24231,25086,26503.7,27706.4,27838.9,26707,27015,27353.9,27333.7,27975,27566.9,28050.7,29969.8,30772.9,31710,33396.2,33778.1,35490.3,35390.5,36781,38261.8,37377.8,36495.5,36834.2,38039.7,39241.2,38263.7,38544,39020.6,37550.5,38921,38901,39972.6,40350.8,38260,38992.3,39966.5,41550.6,43685.5,44174.7,45812.9,44578.6,43366.2,43068.5,42447.6,43124,39664.3,39521.4,41971.4,41565.4,42127.9,41981.6,42252.2,43191,43245.8,43362.5,45005.5,45765.3
"전라북도",2541.1,2330.8,2381.7,2321.5,2378,2366.3,2485.2,2491.4,2529.1,2706.3,2685.5,2731.6,3057.7,2863.2,2961.4,2845.2,2915,2834.2,2952,2901.9,2988.5,3013.3,3084.4,3073.8,3249.9,3002.8,3118.9,3146.1,3137.8,3156.2,3273.8,3273,3448.8,3628.9,3629,3832.6,4117.5,4064.5,4282.6,4519.3,4442.3,4330.3,4380.5,4209.6,4392,4512.8,4377.7,4470.5,4592.7,4572.5,4764.3,4787.8,4887.4,4879.9,5134.4,5164.9,5178,5227.8,5284.3,5303.2,5632.8,5527.5,5778.7,5824.8,6041.6,6023.7,6125.3,6051.2,6089.7,6255.2,6174.8,6221.4,6394.4,6320.6,6418.4,6429.3,6453.1,6493.5,6541.1,6428.3,6539.2,6581.4,6607.7,6625.6,6851.3,6653.4,6690.4,6759.6,6776.7,6750.4,6918.2,6776.8,6893.5,6925.8,6927,6914.4,7147.9,6921.7,7165.8,7000.3,7167.1,7218.6,7368.8,7216.3,7445.7,7649.3,7533.1,7605.2,8049.7,7967.2,7982.6,8027.4,8095.8,8209.2,8307.1,8117,8145.9,8251.8,9613.6,9309.4,9080.1,8801.6,8921.3,8938.6,9119.9,9262.2,9336.2,9429.8,9546.2,9778.4,9828.3,9650.2,9661.7,9060.1,9177.4,9568.1,9962.8,10388.6,10653.4,10495.7,10564.3,10660.2,10652.9,10559.6,10936,11124.7,11069.1,11236.2,11767.4,12245,12294.6,12410.6,12621.6,12434.1,12961.3,12916.7,12469.8,12284.2,12253.9,12007.3,12356,12590.4,11724.4,11674.1,11899.9,12752.7,12647.9,12631.9,12790.8,13019.1,13072.3,12986.2,13633.1,13677.2,13357.4,13269.5,13244.6,13425.4,13354.3,13402.5,13303.1,13593.3,14039.4,14124.1,14320.4,14350.5,14253.9,14381.6,14381.6,14303.6,14501.2,14821.2,14949.3,15011.1,15338.6,15730.4,15816.4,15964.8,15794.3,15608.9,15795.4,15915,15717.5,15756.9,15835.7,16041,16183.3,16057.2,16710.4,16863.1,16973.9,16394.9,16486.5,16411.9,16198.4,16371.1,15924.7,15791.7,16275.4,16350.8,16402.9,16627.9,16871.3,16632.8,16877.9,16720.8,16828.8,17180.4,17303.3,17870.4,18448.9,19108,19109.2,19427.2,19767.5,19713.2,20602.2,21258.5,20762.2,20737.5,19700.1,19881.4,20641.8,20895.3,20117.7,20190.8,20394.1,20762.2,21106.4,21411,22118.5,21891.8,20112.5,20470.7,21075.1,21048.3,21288.8,21359.2,21182.4,20755.7,21563.3,21404.6,21985,21734.2,20753.7,20833.9,21794.2,21604.9,22316.8,22702.4,22994.6,23049.9,23348.4,23440.9,23497.3,22981.8,22167.1,22911.6,23836.6,23684.7,24862.6,25254.1,25060.5,24993,25176.6,25628.7,25631.1,24929.6,23693.8,24258.2,25464.4,25249.9,24969.5,25734.7,25876.6,25224.3,25661.9,25397,25232.6,25573.6,25070.1,25272.4,26392.6,25583.3,26023.4,27091.2,27564.3,26267,27760.6,27203.8,27276.1,27661,26144.7,25837.9,27595.2,26612.6,27908.7,29741.3,29761.7,30748.6,32300.7,33287,32057.9,32028.4
"전라남도",4675.1,4232.9,4346.4,4278.2,4519.2,4468,4541,4459.7,4547.3,4716.7,4726.9,4858.5,5328.9,4980.1,5208.5,5102.9,5210,5140.6,5417.4,5234.7,5409.2,5497.5,5570.6,5698.1,5708.4,5426,5646.7,5531.5,5557.3,5478.7,5735.7,5737.8,5860.3,6188.1,6146.5,6502.8,6893.8,6840.9,7054.8,7202.7,7208.2,7194,7224.4,6999.8,7329,7471,7466.2,7737.9,8004.4,7940.6,8437.6,8440.8,8642.8,8792.1,9052.1,9091.4,9353,9432.3,9544,9750.2,10062.7,9956.1,10154,10105.3,10363.6,10285.3,10604.7,10517.7,10680.5,10919.9,10960.7,11082,11400.5,11260.5,11603.8,11532.4,11564.8,11725.8,11921.5,11767.2,12013.8,12028.9,12008.1,12372.4,13178.1,12949.8,12943.5,13042.9,13096.4,12981.4,13263.6,13004.8,13176.5,13100.8,13255,13323.6,13770.2,13582.6,14156.9,13820.1,13860.7,13775.5,13732.7,13675.3,13770.8,13942.7,13780.8,13860.9,14182.4,13980.5,14226.2,14067,14486.9,14531,14597.2,14400.4,14458.1,14625.3,14805.2,14739.7,15257.5,14479.6,14581.3,14484.6,14673.2,15000.3,15076.1,14911.1,14969.5,15498.4,15187.2,15210.1,15583.4,14949.5,15117.9,15285.5,15459.3,15691.4,16015.4,15609.4,15594.5,15663,15576.7,15439.8,15963.6,15603.8,15794.1,15825,15974.8,16523.7,16508.8,16684.2,17019.6,17290.9,17629.5,17618.7,17619.1,17432,17889.5,17336.1,17281.6,17189.4,17369,17018.4,17447.3,17972,17839,17536.6,17519.2,17694.4,18326.6,18253.7,18308.2,18781.2,19065.9,18959,19118.6,19017.7,19192.4,19094.9,19368.3,19502.3,19785.8,20087.2,20276.1,20795.3,21219.4,21171,21328.9,21309.2,21435,21466.1,21676.5,21285.3,22003.2,23075.2,22712.1,23007.4,23651.6,22886.2,22944.2,23303.3,22699.1,22728.3,22857,22751.9,23248.4,23760.4,23898.7,24126.4,24461.7,23972.9,24426.4,24349.1,24237.6,24365.2,24216.2,23883.6,24242.2,24703.7,24628.7,24880.1,25399.1,25411.1,25932.3,25646.5,25658.2,26328.9,25822.9,26156.7,27315.9,26800.7,26832.9,27559.3,28308.3,27887.4,28279,28346.5,28342.1,28013.5,28207.6,27814,28728.8,29860.9,29628.9,29791.1,30296.4,30097.7,30257,30594.4,31230,30706.5,30487.5,29686.3,30212.8,30220.2,30611,30584.7,31310.7,30325.9,31299.7,31696,31660.2,31805.9,30995.6,30297.8,30864,31310.8,31273.7,32203,32744.8,32470.7,33084.3,33376.3,33495.2,32911.5,32334.2,31749.6,32284.8,32741.1,33670.1,34405,35262.2,34820,35399.3,35584.9,35645.3,35867.4,34777.2,34426,35882.1,36048.7,36727.5,37602.2,38397,37152.1,37208,37331.6,37543.5,37850.9,36756.8,36326.2,36840.6,36760.9,37059.1,38156.2,39575.8,38685.1,39566.5,39946,40137.5,39658.7,38504.8,37838.7,38857,40186.6,41885.1,43261.5,44137.9,44264.5,44964.3,45942.1,46827.5,48347.5
"경상북도",8519.3,7909,8192.5,7951.8,8100.9,8184.5,8518.1,8369.9,8452.8,8957.7,8950.9,9040.4,9754.1,9406.7,9623.7,9401.7,9649.7,9546,7566.6,7488.7,7559.2,7647.4,7755.3,7828.5,7758.3,7570,7920.9,7782,7772.8,7769.6,8104.2,8139.4,8335.7,8711.9,8687,8865.1,9278.8,8943.2,9166.8,9579.2,9797.1,9769.3,9946.6,9764.3,10093.1,10472.2,10570.1,10887.7,11330.8,11312.7,11857.1,11980.8,12337.4,12548.6,12941.4,13175.1,13315.6,13520.5,13695.5,13834.4,14192.1,13925,14275.6,14403,14701.1,14760.4,15143.9,15187.6,15324.6,15764.2,15733.6,15863.1,16088.3,16176.2,16577.4,16774.1,16860,17186.5,17488.3,17212.3,17659.3,18083.9,18756.9,19058.1,19180.7,19106.2,19108.9,19646.3,19896.8,19964.2,20143.3,19954.7,20277.3,20557.7,20593.7,22064.7,21938.7,21573.7,21991.2,21951.6,21810.2,21915.4,21686.7,21588.4,21354.2,21453,21253.8,21069.9,21324.8,21211.2,21554.4,21187.3,21761.2,21650.4,22217.6,22053.2,21763.7,21856,21722.9,21586.4,22198.5,21092.1,21162.6,21143,21306.8,21410.1,21505.5,21343.8,21633,22355.9,22005.7,22102,22868.7,22005.7,22269.5,22850.3,22825.7,23074.6,23996.7,23347.8,23412.2,23665.6,23186.7,23193.1,23800.5,23940.5,24215.9,24477.4,25081.2,25647.4,25482.5,25251.7,26222.5,26345.1,27086.5,27322.3,27092.5,27035.2,27432.5,26676.5,26707.6,26944.6,27012.6,26342.6,26932.9,27867.5,27678.7,27312.2,27461.7,27644.4,27908,27758.9,28166.1,28472.9,28646.1,28549.2,28659.3,28712.2,29031.2,29238.2,29708.1,29898.1,30133.8,30289.5,30853,31182.4,31585.3,31882.4,31902.7,31883.1,32262.3,32683.4,32927.1,32337.5,32939.1,33604.9,33392.9,33722.4,34112.5,33564,33926,34190.1,33673.7,33797.2,34223.9,34136.1,34808.6,35038.8,35052.3,35271.9,35685.1,35147.7,35803.1,35572.3,35585.6,35891,35242.6,35196.1,35641.4,35854.7,35667.6,36512.9,36877.7,36529.4,37489.1,37040.2,37578.9,38040.4,37942.2,38283.6,39064.8,38112.7,38465.3,39180.5,39670.3,39340.6,40081.4,40494.6,40829.1,40094.6,39657.4,41545.9,40677.5,40812.4,40631.5,40535.4,40756.5,41405.6,41171.9,41408.7,42004.9,41813.9,42454.8,41438.5,42168,42243,42886,42621.3,42939.6,42472.9,43192.4,44413.9,43511.6,43601.3,43283.8,42348.7,43195.9,43870.4,43040.6,43776.3,44793.7,43894.1,44592.8,45383.6,44905.3,44320.9,43841.2,44050.1,45255.9,46300.5,46192.8,46974.8,48110.7,47050.8,49016.9,48274.9,48489.2,48803.8,47388.8,47289.8,50171.2,49757.3,50155.2,52121.6,52043.6,51062.4,50935.7,52594.1,51958.5,51720.4,51352.9,51335.4,52037.1,52983.2,52193.2,53821.7,54754,55305.5,56851.2,56866.6,57084.6,56530.5,55631.9,53788.8,55056.2,56168.7,57433.6,59004.6,59514.8,59733.1,60077,61245.4,62201.9,61122.3
"경상남도",1099.3,1033.3,1027.3,993.2,1004.6,1007.8,1048.6,1015.5,1048.6,1103.4,1098.7,1110.7,1247.8,1204.5,1206,1168.3,1164.4,1144.5,1246.1,1184,1194.1,1232.4,1249.5,1259.1,1432.4,1345,1405.5,1355.3,1381.4,1392.1,1465.6,1506.1,1593.4,1677.8,1727.1,1773.1,1901.6,1844.9,1873.7,1849.8,1852,1887.8,1972.9,1940.1,1990,2046.2,2071.1,2142.7,2260.3,2238.7,2328.4,2408.5,2455.4,2517.8,2638.7,2631,2672,2659.5,2771.6,2798.8,2980.3,2870.1,2888.7,2944.8,3018.7,3043,3081.7,3068.4,3082.6,3168.7,3146.8,3177.1,3239.5,3265.7,3311.9,3401.4,3450.4,3517.2,3553.5,3508.6,3582.2,3625.4,3652.7,3733.5,3751.2,3751.9,3722.9,3795.6,3746.2,3720.6,3731.7,3757.4,3814.4,3706.5,3781.2,3824.8,3865.8,3824.2,3886,3891.7,3951.7,4058.2,3990,3976.7,3986.5,3961.5,3896.4,3856.3,3903,3814.4,3886.7,3841.5,4025.9,4086.2,4143.3,4103.2,4118.7,4118.7,4093.1,4089,4055.9,3908.7,3887.5,3905,4019,4163.3,4121.4,4204.8,4235.4,4256.8,4246.2,4195.4,4186.9,3999.2,3996.7,4132.8,4301.5,4418.1,4452.5,4386.3,4405.7,4408.2,4344.8,4374,4363.6,4353.7,4235.6,4230.3,4508,4606.3,4601.2,4605.2,4731.1,4695.7,4849,4902.2,4751.9,4765.7,4681.2,4660.9,4586.7,4660.6,4521.5,4450.8,4600.3,4665.4,4682.6,4725.8,4744.8,4871.5,4999.3,5033,5088.7,5116.9,5276.6,5327.4,5399.4,5365.3,5357.2,5383.2,5382.9,5460.5,5586.5,5624.6,5840.9,6086.1,6076.2,6057.2,6153.8,6039,6178.6,6235.6,6210.7,6245.8,6299.6,6491.5,6320,6322.8,6333.3,6272.5,6264.6,6311.1,6274.8,6384.7,6443.1,6414.1,6457.5,6422.3,6593.5,6702.7,6793.1,6613.2,6592.3,6698,6681.1,6774,6703.3,6685.8,6776.5,7028.4,7062.3,7209.6,7284.5,7276.1,7434.3,7375.9,7527.4,7672.8,7638.4,7810.1,7858.8,7834.2,7917,8037,8107.5,8202.6,8431.9,8491.4,8610,8699.1,8886.4,8844.7,9048.6,9107.4,9066.1,9179.9,9317,9204.3,9248.8,9226.7,9398.7,9403.3,9587.6,9487.5,9892.3,9631.4,9673.7,9657.3,9422.5,9582.2,9700.2,10004.5,10088,9847.7,9896.2,9662.4,9862.2,9410.9,9664.4,9675.7,9477.3,9787.1,9574.1,9756.5,9832.3,9470,9305.7,9338,9436.2,9356.7,9703,9646.8,9676.4,9621.9,9963.7,9675.6,9792.5,9834,9847.4,9888.8,10450,9971,10061.8,10281.5,9999.1,10266.9,10147,9770.7,9891.2,10231.2,10308.9,10296.1,10382.2,10135,10233.3,10534.5,10430.4,10845.5,10675.1,10785,11139.5,11036.9,10710.3,11405.6,11310.6,11501.3,12305.1,12565,12349.1,12671,12621,12617.6,13853.8,13990.4
"제주특별자치도",-,-,-,-,-,-,-,-,-,-,-,-,-,-,-,-,-,-,-,-,-,-,-,-,-,-,-,-,-,-,-,-,-,-,-,-,-,-,-,-,-,-,-,-,-,-,-,-,-,-,-,-,-,-,-,-,-,-,-,-,-,-,-,-,-,-,-,-,-,-,-,-,-,-,-,-,-,-,-,-,-,-,-,-,-,-,-,-,-,-,-,-,-,-,-,-,-,-,-,-,-,-,-,-,-,-,-,-,-,-,-,-,-,-,-,-,-,-,-,-,-,-,-,-,-,-,-,-,-,-,-,-,-,-,-,-,-,-,-,-,-,-,-,-,-,-,-,-,-,-,-,-,-,-,-,-,-,-,-,-,-,-,-,-,-,-,-,-,-,-,-,-,-,-,-,-,-,-,-,-,-,-,-,-,-,-,-,-,-,-,-,-,-,-,-,-,-,-,-,-,-,831.2,828.6,831.8,898.1,985.9,1097.7,1089,1243.3,1335.1,1276.6,1338.1,1396.8,1349.4,1349.9,1374,1360.9,1487.8,1619.6,1554,1661.9,1694.6,1748.3,1738.9,1749,1698.2,1826.4,1745.6,1667.4,1860.7,2257.2,2241,2315.5,2449.4,2460.6,2456.4,2598.8,2578,2589,2589.2,2533.3,2700.8,2699.9,2803.1,2746.4,2821,2751.7,2792.6,2818.2,2834.8,6180.8,5953,5708.1,6139.5,6147,5997.3,6005.9,6322.6,7099.2,6702.4,7001.4,6941.1,7029.7,7113.6,7735.5,8704.9,8231.3,8917.3,9339.6,9341.7,9642.9,10544.5,11269.4,11732.8,11724.3,11572.7,11864.7,11682,12171.5,11665.1,11888,12186.4,11759.1,11632.8,11872.8,11281.4,11432,11925.8,11646.8,12012.6,12452.9,12007.4,11715,12267.1,12373.9,12565.2,12278.7,13534.9,13645.2,13767.7,14025.4,14274.8,14681.6,15105.3,14758,15401.6,15418.1,16103.4,16791.7,16793.5,15241.9,14473.4,14049.4,15123.7,15536.6,15798.1,15902.5,15298.7,15178.8,16165,15932.2,15833.3,15804.7,15750.3
